id;nombre;email
1;before;MariaElena_PinedaValencia93@hotmail.com
2;whoever unless mysterious;Luisa52@yahoo.com
3;provided weary everlasting;Jacobo_JuarezBaca16@hotmail.com
4;colorfully drug mysterious;Gloria_BatistaMorales92@gmail.com
5;bustling what;Sancho.PerezCorral67@gmail.com
6;provided;Pilar.CorreaGaitan@gmail.com
7;damp marimba now;Guillermina.AguilarMaya@gmail.com
8;trash jaggedly recount;Santiago_MotaDelao@hotmail.com
9;fedora separately interior;Roberto_PosadaMenchaca94@yahoo.com
10;excepting;Horacio39@hotmail.com
